UC,Kết quả nghiệp vụ,Ưu tiên,Người phụ trách trọn UC,Ngày công ước lượng,Phụ thuộc,Ánh xạ nguồn,Lịch dự kiến,Nghiệm thu thành công,Lỗi và quyền âm,Trạng thái kế hoạch,Evidence khi triển khai
UC-01,"Owner/Agent đăng nhập, vào đúng workspace, chuyển workspace và logout",P0,A,1,Môi trường,"H01, H02; mục 2, 6",D1,"Login, refresh, switch và logout từ browser; danh tính/role do API trả",Sai mật khẩu; workspace không thuộc membership; logout không tiếp tục đọc; xóa cache tenant cũ,Đề xuất; chưa nghiệm thu,
UC-02,"Owner mời thành viên, thành viên nhận lời mời, đổi role đúng quyền",P1,A,1,UC-01,H16; mục 6,D9,Invitation lưu thật; thành viên test nhận lời mời và đăng nhập đúng role,Agent không mời/đổi role; lời mời hết hạn/revoke bị từ chối. Local token không được gọi là email đã gửi thật,Đề xuất; chưa nghiệm thu,
UC-03,Owner thu hồi quyền; Agent chỉ đọc channel được cấp; tenant khác bị chặn,P0,A,1.5,UC-01; phối hợp UC-04/06,"H02, H16, H28; mục 6, 9",D4-D5 sáng,Owner/Agent thấy đúng dữ liệu; revoke có hiệu lực với request tiếp theo,Tenant A không thấy inbox/knowledge/usage B; Agent ngoài channel không nhận snippet; stream cũ bị đóng hoặc kiểm lại quyền,Đề xuất; chưa nghiệm thu,
UC-04,"Owner tạo channel website, gán Agent, lấy mã nhúng và cấu hình origin",P0,B,1.5,UC-01 hoặc tài khoản fixture,"H04, H05; mục 2, 4",D2-D3 sáng,Channel và assignment lưu DB; mã nhúng chạy trên origin đã cho phép,Origin sai/disabled channel bị chặn; widget không có provider secret,Đề xuất; chưa nghiệm thu,
UC-05,"Visitor mở widget thật, gửi tin, tải lại/retry mà không nhân message",P0,B,1.5,UC-04,"H04, H06, H07; mục 3, 4",D3 chiều-D4,"Visitor gửi, inbox nhận đúng conversation; reload còn tin; receipt theo contract",Gửi lại cùng clientId không tạo message/job mới; session hết hạn báo rõ; pre-chat bắt buộc được kiểm nếu bật,Đề xuất; chưa nghiệm thu,
UC-06,"Agent đọc inbox, trả lời public và ghi note nội bộ",P0,B,1.5,"UC-05, UC-03",H03; mục 4,D7 chiều-D8,Public reply đến visitor; note chỉ nhân viên đọc; UI tải lại dữ liệu thật,Không lộ note ở widget hoặc stream; gửi thất bại không hiện sent; reconnect tải bù và không nhân đôi,Đề xuất; chưa nghiệm thu,
UC-07,"Agent takeover, chặn AI cũ, chủ động chuyển lại AI",P0,B,2,UC-06; contract với UC-13,"H03, H08; mục 3.2, 4",D9-D10,Phân biệt `reply_owner` với `status`; takeover và resume dùng owner version,"Hai Agent tranh nhận; AI đang chạy thì takeover; câu AI cũ không được append. Mặc định chờ người thì phải bật AI rõ ràng trước khi hỏi; với kênh ngoài phải kiểm quyền trước dispatch, yêu cầu đã dispatch cần theo dõi outcome riêng",Đề xuất; chưa nghiệm thu,
UC-08,Agent resolve và reopen hội thoại; trạng thái lưu qua reload,P1,A,0.5,UC-06,H03; mục 4.1,D10 sáng,Resolve rồi reopen thể hiện đúng DB và UI,Không tự đồng nhất resolved với AI_ACTIVE; hành vi khi visitor nhắn lại phải được chốt và kiểm riêng,Đề xuất; chưa nghiệm thu,
UC-09,Owner tạo/sửa FAQ hoặc chính sách dạng draft và đọc lại,P0,C,1,UC-01 hoặc fixture,H10; mục 5,D1,"Tạo, sửa, mở lại draft; phiên bản nội dung có thật",Agent không được sửa nếu role không cho phép; input lỗi trả thông báo; không đổi draft thành public ngầm,Đề xuất; chưa nghiệm thu,
UC-10,"Owner process thành READY, publish PUBLIC có chủ ý, kiểm nguồn hiện hành",P0,C,1,UC-09,H10; mục 5.1,D2,Draft → READY → PUBLIC; câu hỏi trả từ phiên bản đang publish,Draft/INTERNAL/tenant khác bị loại; publish stale revision trả conflict; sửa draft không thay bản đang phục vụ,Đề xuất; chưa nghiệm thu,
UC-11,"Owner import một DOCX hoặc PDF văn bản, xem lỗi và rollback version",P1,C,1,"UC-09, UC-10","H10, H12; mục 5.1–5.2",D6 chiều-D7 sáng,Một file văn bản phù hợp giới hạn parser → draft → review → publish; rollback về bản hợp lệ,File hỏng/quá giới hạn báo lỗi; retry import không nhân dữ liệu. Không hứa OCR hoặc mọi PDF/DOCX,Đề xuất; chưa nghiệm thu,
UC-12,"Platform Admin cấu hình một provider/model, cấp grant cho workspace",P0,C,0.5,Test credential hợp lệ,"H08, H28; mục 7.1",D3 sáng; kiểm điều kiện từ D1,Probe model test; grant active/capability đúng; secret ở server,"Sai capability, grant hết hạn/revoke hoặc provider disabled bị chặn; Platform Admin không tự đọc chat tenant",Đề xuất; chưa nghiệm thu,
UC-13,Visitor nhận câu trả lời AI thật từ knowledge PUBLIC và nguồn tương ứng,P0,C,2,"UC-05, UC-10, UC-12; guard quota hiện có","H08, H10; mục 3, 8",D3 chiều-D5 sáng,Câu hỏi chính sách nhận câu trả lời đúng từ provider thật; trace được nguồn/version,Private/draft không vào context; citation chỉ theo contract nguồn thực; không dùng reply timer hoặc local adapter làm bằng chứng live AI,Đề xuất; chưa nghiệm thu,
UC-14,Visitor hỏi ngoài nguồn hoặc provider lỗi; hệ thống phản hồi rõ/chuyển người an toàn,P0,C,1,"UC-13, UC-07","H03, H08, H09; mục 3.2",D5 chiều-D6 sáng,Ngoài nguồn chuyển trạng thái phù hợp; Agent tiếp nhận được,Timeout/unknown không resend mù; không bịa trả lời có nguồn; thông báo lỗi không lộ credential,Đề xuất; chưa nghiệm thu,
UC-15,Hệ thống reserve/settle/release/unknown; chặn hết quota/grant và retry trùng,P0,A,1.5,UC-12; AI contract hiện có,"H23, H28, H32; mục 7",D5 chiều-D6,Quan sát reservation và settlement theo operation; release khi chắc chắn chưa dispatch,"Hai request gần quota; retry cùng operation; grant hết hạn trước dispatch; unknown giữ trạng thái chờ reconcile, không tự release rồi gọi lại; lỗi gửi Messenger không tự xóa chi phí model đã tiêu thụ hoặc phát sinh lần gọi AI mới",Đề xuất; chưa nghiệm thu,
UC-16,Owner xem quota/usage thật và đối chiếu một câu trả lời với ledger,P0,A,1,"UC-15, UC-13",H23; mục 7.2,D7,`/usage` và `/usage/ai` phản ánh DB; đối soát trước/sau một lượt,Không cộng token với lượt AI; số estimated ghi rõ; user tenant khác không đọc được; không trình bày fixed KPI thành đo đạc thật,Đề xuất; chưa nghiệm thu,
UC-17,Owner xem audit publish/takeover/grant đúng phạm vi quyền,P0,A,1,"UC-03, UC-07, UC-10, UC-12","H22, H28; mục 9",D8,"Audit có actor, workspace, hành động, thời điểm; publish/takeover/grant có evidence tương ứng",Platform audit xem ở đúng console; không ép mọi event vào workspace audit; nội dung log không chứa secret,Đề xuất; chưa nghiệm thu,
UC-18,Người vận hành khởi động lại worker và khôi phục dữ liệu demo có kiểm chứng,P0,C,0.5,Fixture core và công cụ restore hiện có; kiểm lại toàn luồng D11–D13,"H32; mục 9, 10",D7 chiều,Worker restart có kiểm soát; restore drill vào DB dùng một lần có báo cáo,Không replay external side effect sau restore; unknown cần reconcile; không dùng DB demo đang trình diễn làm đích test phá hủy,Đề xuất; chưa nghiệm thu,
UC-19,"Owner quản lý loại kênh, cấu hình riêng và lọc inbox theo nền tảng",P0 đa nền tảng,B,1,UC-01 hoặc fixture; contract chốt đầu D1,"H04, H30, E10; bổ sung đa nền tảng",D1,Website và Messenger có loại kênh/tên tài khoản rõ; inbox lọc theo kênh; dữ liệu website cũ giữ nguyên,Không đổi loại kênh đã có hội thoại; Agent chỉ thấy kênh được cấp; không ép Messenger có origin/public_key,Đề xuất; chưa nghiệm thu,
UC-20,"Owner kết nối, ngắt và kết nối lại Facebook Page",P0 đa nền tảng,A,2,"UC-19; Meta app/Page test, quyền và callback hợp lệ","H21, H28, H30, E10; bổ sung đa nền tảng",D2-D3,Xác minh quyền tài khoản; lưu kết nối server-side; hiển thị trạng thái và audit connect/disconnect/reconnect,Sai tenant/Page hoặc callback state bị từ chối; token không ra UI/log; revoke/expiry chặn dispatch; reconnect không nhân kênh,Đề xuất; chưa nghiệm thu,
UC-21,Khách nhắn Messenger và Agent nhận đúng hội thoại trong inbox,P0 đa nền tảng,B,2.5,"UC-19, UC-20; message/identity contract","H03, H13, H30, E10; bổ sung đa nền tảng",D5-D7 sáng,Webhook hợp lệ được lưu bền vững rồi xử lý; ánh xạ Page và người gửi về đúng tenant/channel; inbox có nhãn Messenger,Sai chữ ký/Page không tạo dữ liệu; event lặp không nhân message/job; receipt/echo không thành câu hỏi mới; không gộp khách theo tên/email,Đề xuất; chưa nghiệm thu,
UC-22,Agent hoặc AI trả lời về đúng Messenger và theo dõi kết quả gửi,P0 đa nền tảng,C,2.5,"UC-20, UC-21; UC-07, UC-13, UC-15 phối hợp nghiệm thu","H03, H08, H23, H30, H32, E10; bổ sung đa nền tảng",D8-D10 sáng,Một outbound operation gửi đúng Page/người nhận; có provider message ID; public reply và AI qua cùng adapter; UI phân biệt accepted/delivered/failed/unknown,Note nội bộ không gửi ra ngoài; takeover chặn AI chưa dispatch; vượt policy/rate limit/credential lỗi có trạng thái; timeout sau dispatch không resend mù,Đề xuất; chưa nghiệm thu,
